Sequence,Position_1,Position_2,Position_3,Position_4,Position_5,Position_6,Position_7,Position_8,Position_9,Position_10
ACTCTTGAGG,1.3241669688536364,0.4545280155565191,-3.666190586409309,-1.372332539156097,1.9065711685854416,-2.775008310622586,-0.32817263963653276,1.8368251019220831,-0.5721494131888998,0.0
TATATCTGTG,-0.3792492854787767,0.5772642457568753,0.22866250804474458,1.6406764329846808,6.040274490869189,-1.7051830157026358,-0.4176498530123271,0.042099711263570705,0.07975896233131627,0.0
GATGTATAGG,0.9655430618817721,-0.5166587800851592,-2.510505127477092,-1.4626977325406822,6.871502839627906,1.4377842116656285,2.0691371538295606,-3.2302866904130565,1.6990744334471581,0.0
TTGATGAAAG,0.8651979077117111,-1.9270305253742777,-2.1008936217967937,-0.14321026238741644,3.618169322314487,-1.5845905639705107,-2.8804801872383967,1.8462478853123596,0.475001269049675,0.0
CTTGCTGCTG,-0.25835740936680146,1.5567535265729096,-2.798843117685019,-6.4030853439273026,-4.291453463089221,-1.7876941749377724,-2.359778399948476,-2.0623799057618353,-1.6750450119493348,0.0
TTATCATCAG,-0.431995233692126,-0.23435316760481906,-3.0262601516428664,-4.000595035023409,-3.4684268148880064,-0.3766949573414509,-1.223592602672646,-3.1763485980595134,-2.0008469011142855,0.0
GACAACAACG,-2.91520561061186,-0.3339740821822972,-4.7264553202324535,-1.6518408419698543,0.26165783965350964,-6.509321900571589,0.8432839308572113,-2.7938119389215412,-3.6404082799680717,0.0
TGTCGTCATG,3.156280722620528,-1.6863256623469924,-5.392295097489233,-2.1820931855269303,-2.946495192681446,-1.9309227101411763,-2.55450243156197,0.5457056340854743,-0.20350177501785685,0.0
AAGCCAGCCG,1.7718446661709086,0.6300997918048334,4.723794990274151,3.15618747199929,-2.978511182324629,2.880431294849788,0.3518697387834614,-1.0707861324907821,1.0169039841344572,0.0
AGGGTGGGTG,0.027752699770524913,1.181418159119948,4.61772838369868,1.2859579012378808,5.454267716639558,2.8708300366148722,-0.9126987489516393,1.313705177427736,-0.8612193868576709,0.0
ACCTACCGAG,2.136550736972898,4.747312875243815,-1.9869081564236393,2.421695156718697,2.271213670134871,-1.8875060718055283,0.6176668789932002,0.027387484191543503,-1.4774987077096824,0.0
CCTTGGGGTG,0.07813216923879773,0.2939684021896013,-0.2234805901629216,4.825080114391101,-6.180678201055064,0.7799046530731625,3.182952401832002,-2.8115034767675615,-3.0430401997956773,0.0
TCCATTCCTG,2.4395718395913906,-3.021605463247734,0.9245501608466848,0.07027861707348257,5.5722137599259,-0.5046375445903377,3.4229582868572406,-1.2721543862206717,2.146218020489019,0.0
TCATGTCAAG,0.32704092973290594,2.9893573539005236,-0.5177321507246206,2.3828928042608624,-1.2617363840818345,0.9046280668317804,-0.8739991910335201,2.415975711689872,-3.776434766386037,0.0
AAAAGTAAAG,1.5939642553507065,1.1548694624613707,0.028458478616331183,2.0446463269310917,-1.0779490121365791,0.06789671325554067,-0.7499947540461857,4.241267904766173,1.7726630147135956,0.0
TCATGTCTTG,2.7927890746909214,1.3053804115746601,-0.45318227374439135,5.284029375178813,-2.530799919058919,1.3413905837383338,0.9576199612563474,2.9225309703884355,1.5585648471091194,0.0
GCAGATAGCG,1.3146372758530567,3.4645222103954882,0.47437820426205723,1.9442602801329252,2.7580207438394018,-1.9000181948433676,2.0843431642003996,4.078749419526903,2.0216761884908907,0.0
ACATTCAGCG,-3.0460822365938296,2.874152629696587,0.12946526720480928,0.3356514946771304,2.338459690913449,0.2577062355988165,-0.7377042230176319,1.8589030025787874,1.1554799403154536,0.0
CTGCTCTCTG,1.5610459367632643,-0.16436712293408012,1.341582213741265,4.007731297973362,6.402568354375195,-0.5160622204731852,1.7973672323253087,2.576224708384998,0.7891906892015521,0.0
CAGATGCCCG,0.28881480450799485,-0.5261885067563732,-0.8945518635873845,-1.2270265052930533,5.0862569283145955,-1.2048459598792252,-2.7531018144288457,0.7895663678133824,-0.15358094440816158,0.0
CAGTGAAGCG,0.8415215186621448,2.221068638157374,4.203086586887895,2.5989571514433023,-8.158030482626973,0.5306532382921441,4.26399911405198,-1.4334340906118268,0.3536423994533717,0.0
CCCCAGCAGG,-3.5185233270374057,2.1947489946415817,0.14009245584566205,-3.6292285073209167,1.150770444258133,2.4022261413587205,-2.3403966325547194,-0.9625218577607346,1.8520895086392608,0.0
CCCGCCGCAG,0.1269912332767319,-1.0200736397204178,-4.70050253202521,-7.176997145215225,-5.132802351628495,-3.0422529583177265,-2.34550176400977,-3.2761252337690636,-1.109953407704583,0.0
ACCCCCAAAG,2.6479763312423286,1.5848415569985066,-3.9147321362168097,1.15653883901325,-3.098881945679873,-2.0114090665971873,-1.3574392507028548,2.4239021568482695,0.23235146993687258,0.0
CATGCAGAAG,-0.9132035537263492,-0.2015327702237114,-2.103869513126202,-7.359106576287784,-0.7434019816081889,-0.07745975243045398,-4.558691679566144,-3.419911084294081,-0.9187056755927867,0.0
TCCGCCACCG,-0.7792379819155469,-1.4645375687263744,-6.121491922457473,-2.6237401034453445,-3.991978424823631,-4.5297684275984045,-1.6420952845172996,-5.750954919771452,0.06931902930604261,0.0
GAAGCCGGTG,-2.1030471250850615,0.022573537326654042,1.0613654454070967,-4.128995218402938,1.5950988827439494,-3.892466934689818,-6.657847350566235,4.085307469105828,-0.9068542531728426,0.0
TCGCGGCGAG,0.2551868094302888,1.143812627201827,1.0724845007451116,-2.7805012517374643,-7.783584142868291,-1.663907569313287,-2.867018249769507,-1.3315792282762795,-2.534604222960796,0.0
CAAAGAGGTG,-1.5266597422022221,2.0210699455943546,-1.6293164262605306,4.051732613641848,-8.646881310392489,-1.2557805093510837,2.918283288593203,-4.035123471745401,-1.0085866878483758,0.0
CGGCTCCCAG,2.364368326674121,2.662111642224986,3.9949408934193755,-0.02767762208037154,4.004793604613724,-0.33578470307723113,-6.684265993112264,4.3416583249981295,-3.3075350841861164,0.0
GGGAGCCCAG,-6.55124388016033,-1.8768282576614674,1.9794740955242982,0.48652365379037915,-5.495465380876763,-2.1620758775136393,-1.7945403860995128,1.8345365073971178,-1.1109525556781668,0.0
GACAGAGCTG,-3.198570923298693,3.611670340625874,1.6793120013174512,2.9747094769721083,-5.782569608103262,2.736605516166605,0.8312085470408416,2.9487438549745613,-0.19826946782383145,0.0
CGGGGGCGCG,-1.1981481581445952,1.6059546154877988,4.3775894827019,0.8328070776500236,-14.545826347076018,1.8360102948579047,-1.5187421657614033,-1.043886187863627,2.5393337997342535,0.0
CTGTGTCATG,-3.0491174123080715,-1.5026166686543254,2.1074926400567033,3.0345876174666735,-4.12596568618651,3.313788925174784,-2.6012070158619216,1.272668483353386,2.5404351266793674,0.0
AGTGGACCAG,2.6055672674939396,-0.6115383011041589,-2.6362455656310724,-4.8331783744632935,-9.100553840123784,-1.3421131882869917,-0.9038974514983368,0.7936362707771982,-1.4804868791954764,0.0
TCCTCCATTG,0.4554592120398136,0.2036233101010268,-3.843602554083203,4.336467020589471,-2.7809404702043894,-3.0081075574927776,-0.6042574323296198,3.9871278330822264,1.590838441207203,0.0
CTGCGCCTCG,-0.9984375035029305,-3.606284363021372,1.4296272747939573,1.889608953662377,-5.213543531524005,0.7489147873383735,-6.165001969608464,-1.485908575741793,4.552935863868181,0.0
TTATAAGATG,2.092598486863709,-0.6420997874794092,-1.6347103962157383,1.020633483494561,0.234118312278966,-0.4972309672156658,-0.2934983075554859,-1.6703164687383398,2.880915721708167,0.0
TGCACCTCTG,0.851691755538631,-0.8517861971612942,-4.917739410020573,1.2036061977615233,-3.3931849473900026,-4.9253359888867125,-1.893688212416757,-0.7944522185275752,0.7737902842139879,0.0
GTTATAGATG,-4.007063511550662,1.9608340517026726,-2.3480209667825127,5.160679774600009,5.099422168931236,0.34300502060634913,-2.3157477639030803,1.0047624155975776,0.20428915211053897,0.0
GGAGAAGCAG,-4.454735052462675,-0.20889325193555608,-3.1096331300633473,-4.4348525717798974,4.857136840862451,-0.1823187686708388,-3.5909838720914493,3.582429911709044,-3.24844960089697,0.0
CTGAGGACCG,1.2679482061384983,-3.16657580555578,-1.5023461680375405,-3.4369112245446622,-6.706761006189353,-3.0957688997196287,-2.666201190896918,-0.8488094379639908,1.8517492281155001,0.0
CTACATCCTG,-2.6823504827844626,0.38273176825518945,-1.3692264444260451,-0.9125027876661908,0.8229483679630543,-0.8390142563652101,-4.831395544811412,3.259556109077234,0.7889487983648648,0.0
CCCCTTTCTG,0.3507067513556419,-4.321104720283119,0.11103642591436853,2.0830440222101037,7.672625137877972,-0.2196150655196202,1.142197132450396,0.40467552615059454,-1.154172602412181,0.0
GAAGACTGAG,0.2532986596805785,0.9009996209030999,-1.5819185171449048,-0.8774095634558924,1.7331320169474438,-4.775964346568731,0.6370587967551842,3.079945499914896,-1.102786331521669,0.0
TCACAAACTG,1.5265650284237098,-4.990220406663763,-1.4883503397781608,1.4642820670320909,4.654835890056663,0.2818690004383843,1.9208564960879073,-0.3673554708442474,-0.6443864074424127,0.0
GCGCGTCCTG,-2.2601348926011813,-0.7367650890610891,1.955102034293503,-0.9211930174575064,-5.098955993208953,-0.01091163720997355,-0.6820325035910952,-1.0917739832617577,-0.8012771303051102,0.0
GACAACAGTG,-1.3314752424424388,3.4923751851022335,-2.8053608782484925,-3.8090172886594824,2.6498718545897497,-5.828374413882957,-0.2757351282120182,0.11057284501020725,-0.0016087061891538468,0.0
AGCAAAGGAG,2.3079466207617734,-3.6754745610460224,-1.653359210009517,1.0998578010449427,2.646243603196496,2.528998749422304,2.5632244348216964,-4.486929593816074,0.35121730997552575,0.0
AAGCTCCTCG,0.7457830188391775,-1.8347250879360257,1.8762804697496798,-0.13018123832264591,-0.4441252508541071,-1.5666622707747848,-3.2645183816047716,-3.6521805459456833,1.6373672932896137,0.0
CCCTCTGCTG,0.4774830037217349,-3.1206341489948173,-0.7372510623338551,2.9467855991852954,-7.688789115375364,-0.817921411038177,1.08099543616278,-3.8803990911009065,-0.05598029737569882,0.0
GTCCAAGTTG,-2.945683873440895,-0.622750126610019,1.0746925787346344,-0.5966619358646651,1.6071978397752789,1.2316278643669614,-2.7583912455196007,-2.67987244329673,0.4370250722651113,0.0
TGCCACAGCG,0.32741192247803796,-3.213866334028484,-6.9160864078589235,3.2173693981646436,2.7353611966000466,-4.275118662240029,2.539612210584659,-2.4364545890219294,0.44711677120916954,0.0
CTGGATCCAG,-2.7866504888392223,-2.5703520290995034,4.581976056712167,0.47883592445786044,3.7641589135751987,-0.07124915183518538,-2.9217997251098455,1.8279349556125373,-3.3504684396356508,0.0
GGCTCTGCAG,-5.537045045637759,-2.9823239323876147,-0.05687299549974775,1.0155908038380048,-7.440093181985937,-2.679534501506574,-0.8763320935853256,0.19160337718303758,-2.109021618933509,0.0
TTTGCTCCTG,3.5797739909351245,3.434442206130852,-3.5527775116866525,-0.5964790887099553,-1.4874612814513366,-2.0354070215531874,5.0347300625868225,-3.1133402977668023,0.7309997599401353,0.0
GGAGGAAGTG,-1.9519436890278068,-4.369820960899306,-0.21083073383909837,-3.9266875534391965,-13.91729840632961,-1.6669488422411372,1.4744686546403343,-2.558920696854442,-2.3280002650185327,0.0
CCTACCCCAG,-0.25744006062248215,-0.2755938933872367,1.5266866094611935,2.5485606440668214,-2.389021474014078,2.6943478030782644,-0.33630385022793985,-5.036038090508244,-1.9305785855854054,0.0
CTGACCCTTG,-1.9667605806129942,-2.9632295175850834,1.3937624260966284,0.8385610776608129,3.5669798932734755,-0.32006773801577193,0.17544110138088026,-1.4542816025809233,2.1391327910927282,0.0
GAACTCTAAG,-1.7011071900743533,-1.0707729123466514,1.1013870999462279,0.907284543669563,5.54256299229108,-3.45068706813031,3.551007677887292,-1.9048394131586042,-0.9938922505176636,0.0
GTCAGATTCG,-0.4327397646298961,0.008392520541707638,-1.8769646861663931,0.9436313189935008,-7.302712354622624,0.27492577143527,1.5428818904626975,-0.5037881625091251,-1.7422751115903037,0.0
GGGAATGGGG,-6.323740468641563,-2.6321662675323045,3.2084114367327863,-1.2370120274586174,1.781595937723359,-2.1644901268322183,1.1826041423949416,-0.7553719051318253,1.72978716959684,0.0
GGGAGGGTGG,-6.323044907632549,1.733363822962061,-2.273977411113209,-0.3364112918676128,-4.441796946261352,1.3498483350664232,3.0718832999926997,-0.8406363787583745,-0.49964807081191603,0.0
GAAGGGGGAG,-0.8226270297045016,1.124198905545576,-1.2911478881802556,-5.472512132137153,-11.328830278303542,5.397562763645113,-3.7260284757552347,0.34969402499005936,-1.4688681496102685,0.0
GACCAACTTG,-0.2144660283439223,2.2845255604810677,2.075771582755865,-3.935538703879994,1.1988623894668864,3.4866771741694382,-1.7885942171260034,-1.8174873527697273,0.9851767286494171,0.0
AGAGTTACAG,-2.3802263590668544,0.5687851755775276,-1.468209111525268,-1.0066973936512753,5.047319977278867,-1.539356619489966,-0.959801623082337,-0.3168661607410615,-1.6725489588130358,0.0
GTGGAAGGGG,-1.3165406924319112,-2.6983834114936838,2.755289280950748,0.28782532898065016,4.943349582175487,1.4658565112192965,-4.549104121581362,4.729017159820941,1.4456633725198453,0.0
CACGCCTCGG,-0.9263288224070914,0.14990305783273078,-4.205210214230215,-3.779095712000353,-2.8026584203874236,-5.780008990672898,-0.6348640810689554,-0.8859320084549811,0.7257449689278256,0.0
GTGTGGCTTG,-1.2123608676982358,-2.746013120466679,-3.271510662471949,3.783619587464919,-6.494419447547141,-1.0002613646309126,-0.00028042154598981184,0.15796518127359552,1.9327419733075148,0.0
GACTGGCAGG,1.2926660315355687,-0.9559373762619336,2.6082156160567265,2.8100727332300193,-5.462111809559081,2.8607906477611103,0.9935191537004764,-2.0178262159083027,2.711401725324292,0.0
GGGCTCTTGG,-4.4690357199278505,-0.4978310922894166,-0.15171031469054347,1.1447665267407783,1.8171414366931375,-4.1494174460844375,2.3820627125468747,-3.856419644594269,-2.276536779427178,0.0
TTTGGGAAAG,0.7805612126241511,-0.7701181944527115,0.4985434622407739,-5.472455418163967,-7.707387208588253,2.8860551552143905,0.8405672445671483,-0.5959456928642017,-0.42800336206582723,0.0
GAGCCCTAAG,-3.9243255600445406,-1.0524853915514472,1.6290130771031965,0.5037725786902107,0.19756196825055922,-3.210077461933144,2.927099931036833,-2.9779093544110724,0.34190843964460255,0.0
GTCACTGGGG,-0.954646264815848,1.6331723906942026,-1.3546437716132764,1.0255103018031329,-1.1059354346887342,-0.7070419111318503,-1.6740304937621346,1.084682494861794,1.385807598961346,0.0
CCACCTGGAG,0.27982072327228397,0.4774931871091861,-0.5907175449439395,-1.2298926834263941,-2.068146800305601,-2.054733147354103,-0.45533068982087205,-0.10458463980776118,-4.452494695730308,0.0
TGGCCTTCAG,-0.04247677324408568,1.7814254061200985,5.342439867752077,1.7477991811730655,-4.396034701551411,-1.3657722624743325,1.0518782987370536,-0.37412999494180516,-1.41950461044317,0.0
AGGGCGTTAG,2.1555160444855956,2.2357083535860336,3.34564035543001,1.913218652656796,2.511886904937512,2.9949957555052937,2.283479151585179,1.774319611192654,1.1978398919950255,0.0
AAGAAGAAGG,0.003410424783252361,0.2823974330554351,-2.1530071398921513,-2.5346944125896504,2.375101415247492,-1.5636352659112764,-2.370953102442859,0.2779445236744343,-2.062137470943587,0.0
GATGAGACAG,-0.10692718138001117,3.3351658877217134,-1.034504759593947,0.02294379387330217,6.44446841383782,6.0281257552027885,2.6993000350566976,1.3169554720572625,0.6581498001987481,0.0
CTGCTAGTGG,0.05883960713169232,-4.899748032954233,0.6211995129410778,-0.07620890122957853,1.1479988004760582,-0.4494553448958124,0.7695530289414161,-5.640171741466311,-4.063162122760695,0.0
TTGCAGGGGG,0.9832263722794247,-1.7942660105461317,-0.8265108206455511,-0.8997770182293255,3.1494390145610605,-0.021727789644866914,1.414636819216723,1.5673130026007003,-1.4192039205418507,0.0
GGACAAGTCG,-5.782664216021153,-0.9603682729858543,-0.8727278569208174,1.1467910015337166,0.5928438730099872,-0.82545547056912,-1.6075557818378405,-0.8974001621223616,1.4812978139390347,0.0
AGACATGATG,2.1830551118679193,0.5419471198801238,0.3830793217714112,-0.17616122073090823,-1.83165098458394,-2.4131167401820206,0.9209643317853329,0.47925030320581663,-0.7189332945395382,0.0
GGTGAAGTCG,-6.1168623524263985,-2.1068749475598105,-1.3666111593645784,-3.861461161791635,3.100762071247614,-0.6202206347714662,-4.486317819378871,0.4119477312499619,0.8656673976306586,0.0
